{"cameraMode":{"drawMode":0,"name":"Shaded","section":"Shading Mode"},"sceneLighting":true,"audioPlay":false,"sceneViewState":{"showFog":true,"showMaterialUpdate":false,"showSkybox":true,"showFlares":true,"showImageEffects":true,"showParticleSystems":true},"in2DMode":false,"pivot":{"x":-1.9103467464447022,"y":-0.002812881488353014,"z":1.4457889795303345},"rotation":{"x":0.015361667610704899,"y":-0.9140287637710571,"z":-0.033868953585624698,"w":-0.40426376461982729},"size":0.12533548474311829,"orthographic":false}