{"cameraMode":{"drawMode":0,"name":"Shaded","section":"Shading Mode"},"sceneLighting":true,"audioPlay":false,"sceneViewState":{"showFog":true,"showMaterialUpdate":false,"showSkybox":true,"showFlares":true,"showImageEffects":true,"showParticleSystems":true},"in2DMode":false,"pivot":{"x":-3.6382458209991457,"y":-1.073688268661499,"z":1.8817273378372193},"rotation":{"x":-0.04402582719922066,"y":0.6537202596664429,"z":-0.03818897157907486,"w":-0.7545932531356812},"size":5.459868431091309,"orthographic":false}